taxon,sample,start_basepairs,deduplicated_basepairs,clean_basepairs,cleaning_time,splitting_time,splitting_bp_per_file,5mer_counting_time,k5_img_time,6mer_counting_time,k6_img_time,7mer_counting_time,k7_img_time,8mer_counting_time,k8_img_time,9mer_counting_time,k9_img_time
S_bonariense,S-31,625733811,589198184,383173607,98.44607186317444,130.88924646377563,"383173607,200000000,100000000,50000000,20000000,10000000,5000000,2000000,1000000,500000",61.91816091537476,0.8640177249908447,68.2110481262207,1.0569360256195068,66.38450622558594,1.292951583862305,59.86051368713379,2.2383294105529785,61.39128613471985,3.211008310317993
S_bonariense,S-32,768370237,723400102,401097959,113.15968084335329,136.27110624313354,"401097959,200000000,100000000,50000000,20000000,10000000,5000000,2000000,1000000,500000",58.57677602767944,1.037285566329956,68.60977482795715,1.0888428688049316,69.51177501678467,1.0363736152648926,63.00198674201965,2.186690092086792,69.17012453079224,3.248488187789917
S_bonariense,S-33,464052564,444289946,216290786,67.54756212234497,78.80836582183838,"216290786,200000000,100000000,50000000,20000000,10000000,5000000,2000000,1000000,500000",51.15406680107117,0.8128290176391602,55.750892877578735,1.096604824066162,46.70321989059448,1.0864462852478027,49.40166258811951,2.641854763031006,54.8238742351532,3.259138345718384
S_bonariense,S-34,367343516,340565216,162007980,49.68110656738281,48.36267852783203,"162007980,100000000,50000000,20000000,10000000,5000000,2000000,1000000,500000",23.835914850234985,0.8997750282287598,26.07036256790161,0.8731353282928467,22.394413471221924,0.9160866737365724,24.125147342681885,2.2375473976135254,29.068166494369507,3.206385612487793
S_bonariense,S-35,906917892,859357423,431144710,207.70933628082275,128.43754625320437,"431144710,200000000,100000000,50000000,20000000,10000000,5000000,2000000,1000000,500000",72.9005274772644,0.9631366729736328,75.4942193031311,0.94812273979187,71.44637870788574,1.149289608001709,69.22035193443298,2.146124124526977,69.02258396148682,3.815416812896729
S_bonariense,S-36,1035676567,971785488,450934687,193.13663864135745,154.1232032775879,"450934687,200000000,100000000,50000000,20000000,10000000,5000000,2000000,1000000,500000",71.23570251464844,0.8948020935058594,66.14233660697937,1.0953028202056885,71.91895294189453,1.0706539154052734,64.50471949577332,2.1882920265197754,79.67976093292236,3.179570198059082
S_bonariense,S-37,678553097,633376015,423577424,112.64157295227052,151.51664328575134,"423577424,200000000,100000000,50000000,20000000,10000000,5000000,2000000,1000000,500000",58.19885587692261,0.9164347648620604,62.77809715270996,0.9961974620819092,61.54502439498901,1.079272985458374,73.19835567474365,2.204285860061645,71.03715443611145,3.6667211055755615
S_bonariense,S-38,372663995,354355443,163611315,55.159578800201416,56.654273986816406,"163611315,100000000,50000000,20000000,10000000,5000000,2000000,1000000,500000",28.207267999649048,0.8195569515228271,27.14500951766968,0.9300308227539062,28.771042823791504,1.256964921951294,24.74034857749939,2.923042297363281,35.56028890609741,2.9671170711517334
S_bonariense,S-39,703174900,670358505,300250935,100.95236229896544,141.8181803226471,"300250935,200000000,100000000,50000000,20000000,10000000,5000000,2000000,1000000,500000",50.596070289611816,2.807164430618286,49.517873764038086,1.1080145835876465,52.85944271087647,1.0612056255340576,55.38480949401856,2.2122085094451904,56.37100267410278,3.248909711837769
S_bonariense,S-40,567255197,528040241,319457126,87.08728766441345,86.34944462776184,"319457126,200000000,100000000,50000000,20000000,10000000,5000000,2000000,1000000,500000",55.09025526046753,0.9117839336395264,52.89798212051392,1.3399906158447266,49.57971954345703,0.991924524307251,47.44720625877381,2.726803541183472,57.85672473907471,3.2801222801208496
S_bannisterioides,S-100,392635019,368968650,260725440,102.93032550811768,86.54107522964478,"260725440,200000000,100000000,50000000,20000000,10000000,5000000,2000000,1000000,500000",52.651017904281616,1.087838888168335,51.36762261390686,1.0102028846740725,49.25178575515747,1.2534143924713137,48.83278107643128,2.958169221878052,50.889240026474,3.3935062885284424
S_bannisterioides,S-91,770701354,718611684,358115210,125.34086990356444,129.3016128540039,"358115210,200000000,100000000,50000000,20000000,10000000,5000000,2000000,1000000,500000",53.57500171661377,0.984471321105957,51.30571675300598,1.2654976844787598,55.69419240951538,1.0767500400543213,60.67592287063599,2.497200489044189,55.36026978492737,3.277320623397827
S_bannisterioides,S-92,827117814,786354408,394784337,122.12810015678406,137.13251423835754,"394784337,200000000,100000000,50000000,20000000,10000000,5000000,2000000,1000000,500000",67.85426425933838,0.8550407886505127,64.15332460403442,1.1196372509002686,68.39272141456604,1.060723066329956,68.49104976654053,2.303820848464966,58.47367453575134,3.535839557647705
S_bannisterioides,S-93,33638477,28983196,14753191,8.192802906036377,9.224403858184814,"14753191,10000000,5000000,2000000,1000000,500000",3.4265828132629395,0.486595869064331,3.932093143463135,0.66642165184021,4.022844314575195,0.6946847438812256,3.757834911346436,1.3784170150756836,4.767299652099609,2.1136324405670166
S_bannisterioides,S-94,778920758,718709883,476651005,127.85974335670473,151.32395386695862,"476651005,200000000,100000000,50000000,20000000,10000000,5000000,2000000,1000000,500000",78.68600058555603,0.8320357799530029,69.22353768348694,0.951835870742798,67.09952569007874,1.1205201148986816,73.74243998527527,2.735450029373169,72.59237813949585,3.214140653610229
S_bannisterioides,S-95,898347882,848540090,379696366,128.24030447006226,125.95479583740234,"379696366,200000000,100000000,50000000,20000000,10000000,5000000,2000000,1000000,500000",59.8340117931366,0.9565556049346924,61.30606770515442,1.043708086013794,55.79365825653076,1.0384554862976074,57.59533619880676,2.460345268249512,50.94161128997803,3.389454841613769
S_bannisterioides,S-96,539041270,514457314,244225065,80.77322769165039,78.77807021141052,"244225065,200000000,100000000,50000000,20000000,10000000,5000000,2000000,1000000,500000",47.76067090034485,0.9035890102386476,53.64320993423462,1.0247483253479004,55.35004162788391,1.110541582107544,52.63618683815002,2.3287346363067627,55.28257870674133,3.796621084213257
S_bannisterioides,S-97,466457505,442964723,319320724,87.96724939346313,111.11688756942748,"319320724,200000000,100000000,50000000,20000000,10000000,5000000,2000000,1000000,500000",55.183188676834106,0.906268835067749,47.34163761138916,0.9874448776245116,48.11553502082825,1.0867016315460205,52.335885763168335,2.2700040340423584,49.79594659805298,3.286914587020874
S_bannisterioides,S-98,836904778,786226614,471882314,207.186785697937,145.11946082115173,"471882314,200000000,100000000,50000000,20000000,10000000,5000000,2000000,1000000,500000",67.76769876480103,1.040693759918213,71.86366200447083,1.1279230117797852,63.82102680206299,1.237140417098999,75.54103660583496,2.620424032211304,74.12450861930847,3.263007402420044
S_bannisterioides,S-99,729838911,682077678,530977882,182.40662384033203,179.59384965896606,"530977882,500000000,200000000,100000000,50000000,20000000,10000000,5000000,2000000,1000000,500000",109.4241213798523,0.9971907138824464,96.20328569412231,1.0970091819763184,109.3019199371338,1.1724653244018557,100.99218726158142,2.644749164581299,112.9065432548523,3.6723947525024414
S_ciliatum,S-11,718879023,675322219,342413862,122.57501459121704,105.35235738754272,"342413862,200000000,100000000,50000000,20000000,10000000,5000000,2000000,1000000,500000",57.15031218528748,0.996117353439331,52.31392884254456,0.9228856563568116,53.17987394332886,1.3887581825256348,51.638168811798096,2.637815237045288,61.80334138870239,3.399465322494507
S_ciliatum,S-12,1442188582,1336941841,901402817,280.80069375038147,280.1639175415039,"901402817,500000000,200000000,100000000,50000000,20000000,10000000,5000000,2000000,1000000,500000",130.84231638908386,1.888221740722656,139.60260915756226,1.1834938526153564,123.78905200958252,1.294095754623413,146.96579360961914,2.801057815551758,145.10680055618286,3.685632944107056
S_ciliatum,S-13,545835556,522089636,238124830,109.25249671936037,85.56300377845764,"238124830,200000000,100000000,50000000,20000000,10000000,5000000,2000000,1000000,500000",52.69458723068237,1.2096717357635498,52.13942503929138,1.2881174087524414,56.90881776809693,1.282888412475586,58.20721220970154,3.965919017791748,52.71154308319092,3.684127807617188
S_ciliatum,S-14,1189395397,1122070662,388265073,175.05412912368774,122.48218703269958,"388265073,200000000,100000000,50000000,20000000,10000000,5000000,2000000,1000000,500000",70.60142517089844,0.8133957386016846,63.069435358047485,0.9531307220458984,63.33337354660034,1.473005771636963,61.26168966293335,2.285971641540528,51.49796509742737,3.556015729904175
S_ciliatum,S-15,836839689,781717738,450934251,129.1564519405365,136.82994413375854,"450934251,200000000,100000000,50000000,20000000,10000000,5000000,2000000,1000000,500000",77.26270914077759,0.838632345199585,70.08237290382385,1.1086084842681885,74.47640824317932,1.1462011337280271,63.88248109817505,2.497157573699951,79.53077578544617,3.773781061172485
S_ciliatum,S-16,265081470,251415095,93637999,37.056169509887695,32.214595556259155,"93637999,50000000,20000000,10000000,5000000,2000000,1000000,500000",13.887904405593872,0.7163383960723877,15.473123788833618,0.7543869018554688,13.644246101379396,0.9307131767272948,14.999020338058472,2.2846832275390625,15.379202842712402,2.537792205810547
S_ciliatum,S-17,578623299,544271315,208650900,80.40211462974548,74.56895685195923,"208650900,200000000,100000000,50000000,20000000,10000000,5000000,2000000,1000000,500000",42.11119890213013,0.8936846256256104,49.61128067970276,1.4283757209777832,47.89634895324707,1.1434364318847656,53.82960224151611,2.626052141189575,49.00296449661255,3.5971662998199463
S_ciliatum,S-18,91060043,79878164,37407206,14.787734031677246,17.13180637359619,"37407206,20000000,10000000,5000000,2000000,1000000,500000",6.601077556610107,0.693079948425293,6.629193067550659,0.8160836696624756,7.265000820159912,0.7272641658782959,7.44594407081604,1.6973323822021484,8.028020143508911,2.2456319332122803
S_ciliatum,S-19,608238662,567832350,328414764,95.04137110710144,116.29545736312866,"328414764,200000000,100000000,50000000,20000000,10000000,5000000,2000000,1000000,500000",45.98014068603516,0.9271819591522216,49.45691132545471,1.1448745727539062,53.71995759010315,1.0110089778900146,59.25314402580261,2.387256860733032,51.21858906745911,3.2282464504241943
S_ciliatum,S-20,495510159,465496665,340456117,89.90094709396362,105.67196273803712,"340456117,200000000,100000000,50000000,20000000,10000000,5000000,2000000,1000000,500000",50.44624543190002,0.966996431350708,59.19651103019714,1.1397216320037842,50.822787284851074,1.182342529296875,57.20704698562622,2.7495219707489014,54.726999044418335,3.286043167114258
S_bogotense,S-81,890847542,837511380,417515389,132.2235140800476,128.8295543193817,"417515389,200000000,100000000,50000000,20000000,10000000,5000000,2000000,1000000,500000",71.51785492897034,0.8893709182739258,63.820889711380005,1.106205940246582,66.78586935997009,1.182007074356079,75.57816433906555,2.2830686569213867,70.35684776306152,3.350477933883667
S_bogotense,S-82,548153417,519842100,262530569,78.64115309715271,86.66624712944031,"262530569,200000000,100000000,50000000,20000000,10000000,5000000,2000000,1000000,500000",58.88625645637512,0.8895573616027832,46.946874380111694,0.9736611843109132,44.08551979064941,1.122183084487915,51.16003060340881,2.386353015899658,49.57775330543518,3.799900531768799
S_bogotense,S-83,705234920,665115959,414711019,144.28190183639526,136.14995455741882,"414711019,200000000,100000000,50000000,20000000,10000000,5000000,2000000,1000000,500000",57.05977535247803,0.9193012714385986,62.38456082344055,0.9497323036193848,64.94578456878662,1.2761855125427246,72.20088243484497,2.5209827423095703,70.9522078037262,3.190819025039673
S_bogotense,S-84,672263607,633313527,335948777,105.24342441558838,136.361328125,"335948777,200000000,100000000,50000000,20000000,10000000,5000000,2000000,1000000,500000",48.37919235229492,0.9122135639190674,57.34778261184693,1.1368227005004885,52.490267753601074,1.166215419769287,62.19491362571716,2.727072238922119,58.01475358009338,3.32070541381836
S_bogotense,S-85,717280707,680166551,489462452,156.69301390647888,140.9086480140686,"489462452,200000000,100000000,50000000,20000000,10000000,5000000,2000000,1000000,500000",82.53697037696838,0.838512659072876,71.46299242973328,1.1842551231384275,79.17012047767639,1.141747236251831,68.41436219215393,2.252970695495605,82.68203735351562,3.275456666946411
S_bogotense,S-86,794189178,751704137,353108986,110.57571864128111,97.15890669822691,"353108986,200000000,100000000,50000000,20000000,10000000,5000000,2000000,1000000,500000",59.73269724845886,1.117478609085083,54.310715198516846,0.958582878112793,49.47222113609314,1.1316249370574951,54.41568040847778,2.4676947593688965,60.914124965667725,3.4797182083129883
S_bogotense,S-87,474968451,449074244,257690754,105.53300595283508,86.24200367927551,"257690754,200000000,100000000,50000000,20000000,10000000,5000000,2000000,1000000,500000",49.71754813194275,1.6762089729309082,46.290205001831055,1.1274144649505615,52.725210666656494,1.3024609088897705,51.273837089538574,2.891357183456421,61.40469622612,3.850974082946777
S_bogotense,S-88,487269336,461363042,215991915,91.7155647277832,80.1255521774292,"215991915,200000000,100000000,50000000,20000000,10000000,5000000,2000000,1000000,500000",48.57301998138428,1.5429835319519043,51.36246991157532,1.078686237335205,48.74443912506104,1.103386402130127,49.94532370567322,2.198737144470215,51.62337517738342,4.30456805229187
S_bogotense,S-89,601352763,578666306,225900255,79.27944731712341,85.29802203178406,"225900255,200000000,100000000,50000000,20000000,10000000,5000000,2000000,1000000,500000",55.869343519210815,0.8905510902404785,52.74997878074646,0.9552812576293944,48.16882085800171,1.202670335769653,52.72995591163635,2.212606906890869,54.40914177894592,3.389190673828125
S_bogotense,S-90,800113625,757658909,569590208,141.46342611312866,190.3334968090057,"569590208,500000000,200000000,100000000,50000000,20000000,10000000,5000000,2000000,1000000,500000",115.86320900917052,0.9758744239807128,106.09634494781494,1.2851483821868896,113.7412736415863,1.3895411491394043,106.01285862922668,2.4192636013031006,130.02152180671692,3.864780426025391
S_ellipticum,S-41,822511092,777607070,363175271,120.75673627853394,117.0227346420288,"363175271,200000000,100000000,50000000,20000000,10000000,5000000,2000000,1000000,500000",73.39519119262695,0.9701073169708252,61.30214500427246,1.1088380813598633,53.04143953323364,1.1995673179626465,59.25952863693237,2.369457721710205,58.61265754699707,3.3881959915161133
S_ellipticum,S-42,623074334,594168601,271772387,155.88477325439453,94.9571647644043,"271772387,200000000,100000000,50000000,20000000,10000000,5000000,2000000,1000000,500000",41.9092321395874,0.7817480564117432,53.07471489906311,1.195354700088501,47.02196741104126,1.4061028957366943,48.27409553527832,2.2228715419769287,47.17001867294312,3.4045979976654053
S_ellipticum,S-43,799695371,747995940,443007634,149.56265139579773,134.00111198425293,"443007634,200000000,100000000,50000000,20000000,10000000,5000000,2000000,1000000,500000",67.76839637756348,0.9305949211120604,65.2512526512146,1.1533594131469729,71.02774024009705,1.179435968399048,69.99956321716309,2.2038938999176025,80.11609482765198,3.236963987350464
S_ellipticum,S-44,603748209,559865761,418997054,99.2603726387024,140.19161677360535,"418997054,200000000,100000000,50000000,20000000,10000000,5000000,2000000,1000000,500000",71.61599016189575,0.8790249824523926,63.95149326324463,1.0588536262512207,71.921621799469,1.328411102294922,71.73323130607605,2.1945834159851074,69.90260362625122,3.209507942199707
S_ellipticum,S-45,1055307319,1008918017,452111440,155.18865633010864,154.40488862991333,"452111440,200000000,100000000,50000000,20000000,10000000,5000000,2000000,1000000,500000",70.58836817741394,0.875525951385498,69.06433987617493,1.1878268718719482,70.01138877868652,0.9907376766204834,76.07313323020935,3.1784861087799072,68.83243608474731,3.2584307193756104
S_ellipticum,S-46,794117622,739144148,539992441,178.4075243473053,184.0070719718933,"539992441,500000000,200000000,100000000,50000000,20000000,10000000,5000000,2000000,1000000,500000",119.19877672195436,1.411550521850586,99.38844919204712,1.0830037593841553,102.758159160614,1.102956771850586,105.92659759521484,2.4833898544311523,126.11667799949646,3.86441707611084
S_ellipticum,S-47,904241386,851560479,377780808,151.3738570213318,121.47353959083556,"377780808,200000000,100000000,50000000,20000000,10000000,5000000,2000000,1000000,500000",107.36539506912231,0.9959661960601808,66.82400226593018,1.0590934753417969,68.09144711494446,1.0946712493896484,56.60016560554504,2.5370190143585205,54.4609100818634,3.517619609832764
S_ellipticum,S-48,752397358,704931732,514520715,132.15870809555054,185.59570455551147,"514520715,500000000,200000000,100000000,50000000,20000000,10000000,5000000,2000000,1000000,500000",116.1194519996643,1.0018792152404783,101.47672748565674,1.3061842918395996,107.05018305778503,1.1442327499389648,111.32983207702635,2.736898899078369,128.79707527160645,3.666129350662232
S_ellipticum,S-49,718560687,667892678,412355338,122.19338822364809,145.92742562294006,"412355338,200000000,100000000,50000000,20000000,10000000,5000000,2000000,1000000,500000",58.10863709449768,0.8030650615692139,68.22877836227417,1.1606216430664062,59.85181713104248,1.2401070594787598,65.21227526664734,2.833790302276612,75.43191194534302,3.245486259460449
S_ellipticum,S-50,953389346,892548149,628031273,185.540554523468,214.3785011768341,"628031273,500000000,200000000,100000000,50000000,20000000,10000000,5000000,2000000,1000000,500000",117.64329743385316,0.9647927284240724,104.80399680137634,1.1239783763885498,119.4372661113739,1.201396942138672,132.04911065101624,2.3998260498046875,133.45666098594666,3.4791533946990967
S_emarginatum,S-51,871201771,824360402,400999001,141.0182967185974,137.2534065246582,"400999001,200000000,100000000,50000000,20000000,10000000,5000000,2000000,1000000,500000",60.6493821144104,1.0176596641540527,63.28903651237488,1.1600639820098877,64.7399845123291,1.024784803390503,68.91565227508545,2.2328848838806152,75.68867182731628,3.9785778522491455
S_emarginatum,S-52,842859664,803272535,375339933,162.5049319267273,129.40995359420776,"375339933,200000000,100000000,50000000,20000000,10000000,5000000,2000000,1000000,500000",54.407089948654175,0.9489929676055908,62.413923263549805,0.99902081489563,69.05368566513062,1.1083769798278809,61.57656240463257,2.17277193069458,55.859232902526855,3.763472080230713
S_emarginatum,S-53,574181834,537800216,297898460,90.64755272865295,106.34300136566162,"297898460,200000000,100000000,50000000,20000000,10000000,5000000,2000000,1000000,500000",42.31216812133789,1.1289498805999756,45.694148778915405,1.2036418914794922,50.74323654174805,1.3455512523651123,51.496893644332886,2.348316431045532,58.80226588249207,3.3898401260375977
S_emarginatum,S-54,615444659,568492470,341443320,95.3414511680603,103.32816696166992,"341443320,200000000,100000000,50000000,20000000,10000000,5000000,2000000,1000000,500000",64.48626255989075,0.9667801856994628,51.27842283248901,1.2628531455993652,51.25035285949707,1.053699016571045,61.03585052490234,2.282576560974121,60.125569343566895,3.461885690689087
S_emarginatum,S-55,551748565,510401141,269569431,85.47693109512329,95.61450242996216,"269569431,200000000,100000000,50000000,20000000,10000000,5000000,2000000,1000000,500000",46.37001895904541,0.9158437252044678,41.58750104904175,1.1625375747680664,48.575186252594,1.080735206604004,53.497716426849365,2.193796396255493,52.96200513839722,3.194009065628052
S_emarginatum,S-56,90354623,73258965,43079864,13.610725402832031,14.255170345306396,"43079864,20000000,10000000,5000000,2000000,1000000,500000",7.662197828292847,0.6708102226257324,7.4853901863098145,0.6856591701507568,7.878271102905273,0.82588791847229,6.6703040599823,1.7759649753570557,7.757781505584717,2.2942769527435303
S_emarginatum,S-57,317204172,292657983,115125123,41.253023624420166,75.99427390098572,"115125123,100000000,50000000,20000000,10000000,5000000,2000000,1000000,500000",21.901029586791992,0.9572014808654784,24.21559262275696,0.9877455234527588,22.80927991867065,1.0644140243530271,23.591609239578247,1.9911978244781487,24.52713966369629,3.069460868835449
S_emarginatum,S-58,907212524,849943950,429563104,129.89631581306458,143.6734380722046,"429563104,200000000,100000000,50000000,20000000,10000000,5000000,2000000,1000000,500000",64.57855772972107,0.8806881904602051,64.6912739276886,1.0648517608642578,67.32051420211792,1.017284631729126,68.03022146224976,2.1837708950042725,72.6028037071228,3.273055076599121
S_emarginatum,S-59,883976645,839098330,382289511,127.11530995368958,126.46369957923888,"382289511,200000000,100000000,50000000,20000000,10000000,5000000,2000000,1000000,500000",59.04646587371826,1.533367156982422,63.90771675109863,0.9916713237762452,65.0863881111145,1.1585578918457031,57.65068316459656,2.2809481620788574,64.54273962974548,3.238256931304932
S_emarginatum,S-60,597586541,556813167,350312968,105.69243931770325,106.60985589027403,"350312968,200000000,100000000,50000000,20000000,10000000,5000000,2000000,1000000,500000",67.95156335830688,0.9423985481262208,50.35337996482849,0.93896222114563,60.05771899223328,1.0515882968902588,51.06148886680603,2.225778341293335,62.59783744812012,3.167553424835205
S_lindenianum,S-71,1007105086,936119310,437055088,143.4374647140503,147.4874198436737,"437055088,200000000,100000000,50000000,20000000,10000000,5000000,2000000,1000000,500000",69.63151955604553,0.951284408569336,65.07708716392517,1.2552719116210938,68.29788970947266,1.1671342849731443,73.52192282676697,2.4045512676239014,72.86518335342407,3.495607852935791
S_lindenianum,S-72,782660588,743229492,359465314,138.27011632919312,121.27550315856934,"359465314,200000000,100000000,50000000,20000000,10000000,5000000,2000000,1000000,500000",54.66134166717529,0.9095172882080078,56.49159789085388,1.0541315078735352,57.378169298172,1.0381526947021484,60.24664092063904,2.2762341499328613,67.55906391143799,3.4244601726531982
S_lindenianum,S-73,465820227,440092247,217592069,73.19121098518372,80.05595469474792,"217592069,200000000,100000000,50000000,20000000,10000000,5000000,2000000,1000000,500000",48.90033197402954,0.9939229488372804,46.387598514556885,0.9125289916992188,52.39238405227661,1.0551872253417969,51.67186093330383,2.3466899394989014,56.20660948753357,3.2874529361724854
S_lindenianum,S-74,655037540,619342010,304604230,99.96396279335022,96.5406105518341,"304604230,200000000,100000000,50000000,20000000,10000000,5000000,2000000,1000000,500000",51.75758934020996,1.2644755840301514,47.68197846412659,0.901569366455078,57.0644052028656,1.0443840026855469,52.0099663734436,2.489675760269165,51.70903205871582,3.395326614379883
S_lindenianum,S-75,441485612,391901018,225571764,77.19883418083191,93.47902584075928,"225571764,200000000,100000000,50000000,20000000,10000000,5000000,2000000,1000000,500000",46.95310664176941,0.9127135276794434,51.57249689102173,0.9530518054962158,48.11584782600403,1.0002386569976809,47.02320075035095,2.171851396560669,51.57752966880798,3.283379077911377
S_lindenianum,S-76,432845360,407785874,277049569,68.9356255531311,97.88182377815248,"277049569,200000000,100000000,50000000,20000000,10000000,5000000,2000000,1000000,500000",45.2367205619812,0.929175853729248,43.366644859313965,0.96171236038208,53.24533987045288,1.0409371852874756,46.83276295661926,2.235547065734864,57.27212619781494,3.24949312210083
S_lindenianum,S-77,701598755,659707888,380372740,105.18677973747252,127.31532406806946,"380372740,200000000,100000000,50000000,20000000,10000000,5000000,2000000,1000000,500000",64.2793333530426,0.9313616752624512,65.12968230247498,0.9233636856079102,65.85913419723511,1.0014660358428955,59.82131361961365,2.2294857501983643,57.25757598876953,3.142830610275269
S_lindenianum,S-78,915337585,868569269,394056062,133.5576663017273,122.7331211566925,"394056062,200000000,100000000,50000000,20000000,10000000,5000000,2000000,1000000,500000",71.12569165229797,0.8753254413604736,63.49075794219971,0.9429886341094972,60.65336465835571,1.0511116981506348,61.45929646492005,2.2073819637298584,64.71532773971558,3.2037816047668457
S_lindenianum,S-79,741752696,686827140,347287181,116.04843473434448,106.30875825881958,"347287181,200000000,100000000,50000000,20000000,10000000,5000000,2000000,1000000,500000",58.4664089679718,0.8643169403076172,46.29241418838501,0.9577462673187256,53.87690019607544,1.0451383590698242,59.80043601989746,2.237510919570923,61.14833688735962,3.193798780441284
S_lindenianum,S-80,337503703,312807780,121684247,44.77946496009827,46.23904991149902,"121684247,100000000,50000000,20000000,10000000,5000000,2000000,1000000,500000",21.19749546051025,0.8255600929260254,18.606768131256104,0.8487856388092041,21.831133127212524,0.9775214195251464,22.358624935150143,2.0358121395111084,24.8014714717865,2.877939224243164
S_paralias,S-1,746529395,699465677,425605237,122.95927143096924,111.8625190258026,"425605237,200000000,100000000,50000000,20000000,10000000,5000000,2000000,1000000,500000",95.3083953857422,0.8972344398498535,117.1739263534546,2.437798261642456,108.11737728118896,2.0739121437072754,131.38865280151367,4.90000319480896,122.5631947517395,7.910184860229492
S_paralias,S-10,516481070,482366388,243858142,77.66725420951843,93.12903118133544,"243858142,200000000,100000000,50000000,20000000,10000000,5000000,2000000,1000000,500000",49.47876787185669,0.8787157535552979,0.0,0.0,0.0,0.0,0.0,0.0,0.0,0.0
S_paralias,S-2,685625316,651545907,326350510,96.29528379440308,101.8424596786499,"326350510,200000000,100000000,50000000,20000000,10000000,5000000,2000000,1000000,500000",66.31828474998474,0.9435906410217284,61.013670682907104,1.1337378025054932,59.65477561950684,1.0389764308929443,60.441521644592285,2.416837215423584,53.86945557594299,3.21424412727356
S_paralias,S-3,528470298,500208493,355693361,91.47225618362428,105.2733871936798,"355693361,200000000,100000000,50000000,20000000,10000000,5000000,2000000,1000000,500000",61.010451316833496,1.064833164215088,60.80349779129028,1.111410140991211,50.347296476364136,1.2505006790161133,58.80338144302368,2.6868319511413574,56.632004261016846,3.3778371810913086
S_paralias,S-4,679019292,644770975,424801998,149.49559092521667,134.6293444633484,"424801998,200000000,100000000,50000000,20000000,10000000,5000000,2000000,1000000,500000",66.46851825714111,1.200998306274414,71.6117262840271,1.1888442039489746,69.38143157958984,1.2036120891571045,67.40852236747742,2.540685176849365,77.19706177711487,3.623933792114258
S_paralias,S-5,604255126,572951162,283479249,86.88235378265381,99.98915457725523,"283479249,200000000,100000000,50000000,20000000,10000000,5000000,2000000,1000000,500000",47.41354990005493,1.3152236938476562,50.20896792411804,1.296274185180664,57.06881546974182,1.1164889335632324,55.418975591659546,2.4678194522857666,53.22329998016357,3.6001882553100586
S_paralias,S-6,711590092,666905400,381670623,109.92031908035278,112.65669703483582,"381670623,200000000,100000000,50000000,20000000,10000000,5000000,2000000,1000000,500000",70.24685049057007,0.9325840473175048,60.95951104164124,1.0416061878204346,66.31837296485901,1.1095564365386963,62.80875635147095,2.2210466861724854,63.17691040039063,3.5764827728271484
S_paralias,S-7,632672983,593622862,356713164,104.41826915740968,99.00091648101808,"356713164,200000000,100000000,50000000,20000000,10000000,5000000,2000000,1000000,500000",61.26676917076111,1.302980661392212,50.37174129486084,0.9747159481048584,50.92713522911072,1.157979965209961,58.33466601371765,2.574096202850342,62.0010461807251,3.532865047454834
S_paralias,S-8,475166824,451606056,256599540,99.98386120796204,99.83632922172546,"256599540,200000000,100000000,50000000,20000000,10000000,5000000,2000000,1000000,500000",48.368345499038696,0.9675517082214355,48.12262654304504,0.9525542259216307,45.590744733810425,0.9933466911315918,45.87969160079956,2.2375926971435547,51.88710045814514,3.264331340789795
S_paralias,S-9,153444451,139646488,50639502,22.93989443778992,21.4765567779541,"50639502,50000000,20000000,10000000,5000000,2000000,1000000,500000",10.84371852874756,1.106666088104248,11.369759559631348,0.7570459842681885,10.341581106185911,0.8162341117858887,10.513668060302734,1.8167166709899905,11.781099319458008,2.804253578186035
S_jatrophifolium,S-21,593228433,554404610,402481369,108.0466287136078,133.67713475227356,"402481369,200000000,100000000,50000000,20000000,10000000,5000000,2000000,1000000,500000",56.75559329986572,0.9458436965942384,68.60710835456848,0.9921700954437256,67.51490950584412,1.005354881286621,68.02749800682068,2.1933538913726807,72.64273142814636,3.186702013015747
S_jatrophifolium,S-22,384499259,360734949,233417605,62.31598281860352,72.27360486984253,"233417605,200000000,100000000,50000000,20000000,10000000,5000000,2000000,1000000,500000",54.3449387550354,1.7478928565979004,53.54983353614807,0.929440975189209,48.50653052330017,1.018916130065918,57.09859919548035,2.138528347015381,57.91564679145813,3.253969430923462
S_jatrophifolium,S-23,375492615,354129704,230371233,60.38072323799133,98.99916005134584,"230371233,200000000,100000000,50000000,20000000,10000000,5000000,2000000,1000000,500000",48.48296856880188,0.854095458984375,47.83686661720276,0.9501399993896484,55.1839451789856,0.9893362522125244,51.45900559425354,2.2604336738586426,54.4542338848114,3.3028197288513184
S_jatrophifolium,S-24,771342112,719852417,521685389,133.78273391723633,182.8267800807953,"521685389,500000000,200000000,100000000,50000000,20000000,10000000,5000000,2000000,1000000,500000",111.34008264541626,0.9204878807067872,100.62807893753052,1.0497376918792725,99.2677583694458,1.1171717643737793,110.90634274482728,2.394148111343384,114.70883464813232,3.4924404621124268
S_jatrophifolium,S-25,878066470,825837732,507611766,148.43594765663147,158.82954454421997,"507611766,500000000,200000000,100000000,50000000,20000000,10000000,5000000,2000000,1000000,500000",137.98397040367126,1.1671888828277588,107.94093084335329,1.2451486587524414,105.98296236991882,1.4041132926940918,126.93812918663023,2.403202533721924,124.07604241371156,3.995988607406616
S_jatrophifolium,S-26,752013493,712720764,453300568,123.9390606880188,130.37759494781494,"453300568,200000000,100000000,50000000,20000000,10000000,5000000,2000000,1000000,500000",65.31055688858032,0.9020209312438964,66.4821949005127,1.3169238567352295,66.8137412071228,1.229991436004639,72.30677914619446,2.447066068649292,73.64033699035645,3.634333610534668
S_jatrophifolium,S-27,624249820,588072668,378280433,109.83018565177916,117.78553462028503,"378280433,200000000,100000000,50000000,20000000,10000000,5000000,2000000,1000000,500000",55.9487681388855,0.7859463691711426,59.87803554534912,1.2589144706726074,60.68688488006592,1.2275710105895996,52.58135890960693,2.2346932888031006,65.80388140678406,3.1770951747894287
S_jatrophifolium,S-28,531270607,499942098,322747393,81.2483274936676,145.74465227127075,"322747393,200000000,100000000,50000000,20000000,10000000,5000000,2000000,1000000,500000",43.16254377365112,0.8824875354766846,57.30002665519714,1.378408670425415,48.81656193733215,1.081810474395752,52.34048008918762,2.250058889389038,55.72067451477051,3.235428810119629
S_jatrophifolium,S-29,897679162,865804161,311208918,119.6418159008026,120.09392786026,"311208918,200000000,100000000,50000000,20000000,10000000,5000000,2000000,1000000,500000",45.75037908554077,0.8298869132995605,50.752506494522095,1.0849862098693848,53.4981997013092,1.0945115089416504,57.31208515167236,2.261110782623291,52.30211424827576,3.2060201168060303
S_jatrophifolium,S-30,890032899,839016526,390725974,123.77993035316469,131.73358607292175,"390725974,200000000,100000000,50000000,20000000,10000000,5000000,2000000,1000000,500000",60.72219467163086,0.9691195487976074,66.09392023086548,0.957036018371582,61.28649187088013,1.229773759841919,61.74119520187378,2.2578277587890625,62.51809239387512,3.4167816638946533
S_puberum,S-61,585896183,546470179,269363470,83.95926785469055,97.22422909736632,"269363470,200000000,100000000,50000000,20000000,10000000,5000000,2000000,1000000,500000",47.99397468566895,1.1066069602966309,47.536333322525024,0.9513938426971436,54.05825066566467,1.1889636516571045,52.99371218681336,2.386502265930176,51.436354637146,3.190439224243164
S_puberum,S-62,498011698,472815982,217038600,77.2225251197815,72.61235809326172,"217038600,200000000,100000000,50000000,20000000,10000000,5000000,2000000,1000000,500000",47.591943979263306,0.8858273029327393,51.0581533908844,0.9592485427856444,53.80562257766724,1.0882925987243652,52.90531396865845,2.1909642219543457,49.207403898239136,3.2345330715179443
S_puberum,S-63,696173618,658979310,455240315,124.72851085662842,136.690753698349,"455240315,200000000,100000000,50000000,20000000,10000000,5000000,2000000,1000000,500000",63.7809579372406,1.0521457195281982,69.59721851348877,0.9432761669158936,66.77693033218384,1.0620501041412354,68.70461535453796,2.192758798599243,81.32903265953064,3.174676418304444
S_puberum,S-64,697003887,656618796,415383034,111.34788608551024,125.6018717288971,"415383034,200000000,100000000,50000000,20000000,10000000,5000000,2000000,1000000,500000",69.6931037902832,0.7841587066650391,63.8465781211853,0.986100435256958,63.98229479789734,1.051147222518921,75.87858819961548,2.1585466861724854,70.55989670753479,3.287743330001831
S_puberum,S-65,660253679,629648668,278825086,94.6237325668335,108.54055142402648,"278825086,200000000,100000000,50000000,20000000,10000000,5000000,2000000,1000000,500000",48.3398540019989,0.8569023609161377,46.69187259674072,0.956594944000244,47.93815803527832,1.0479938983917236,48.16366600990296,2.162817478179932,54.84625601768494,3.2143564224243164
S_puberum,S-66,998148295,929764924,467404083,141.00207257270813,164.46900033950806,"467404083,200000000,100000000,50000000,20000000,10000000,5000000,2000000,1000000,500000",71.22781777381897,0.8450336456298828,64.91415333747864,0.93432879447937,64.13190340995789,1.0418329238891602,69.7795717716217,2.201257944107056,77.02469062805176,3.212667465209961
S_puberum,S-67,744772105,704449474,369600373,106.57669258117676,117.34229969978333,"369600373,200000000,100000000,50000000,20000000,10000000,5000000,2000000,1000000,500000",57.643120527267456,0.8568930625915527,61.76682019233704,0.9689607620239258,60.31320023536682,1.0170323848724363,56.9585907459259,2.1378414630889893,64.77326273918152,3.1591429710388184
S_puberum,S-68,620142867,585576343,378818354,94.00897932052612,109.24098682403564,"378818354,200000000,100000000,50000000,20000000,10000000,5000000,2000000,1000000,500000",58.48680186271668,0.8778436183929443,62.09995913505554,0.9251902103424072,58.68567514419556,1.0163524150848389,65.50320625305176,2.12709903717041,58.49178719520569,3.1235191822052
S_puberum,S-69,902613675,846176637,521172043,130.69518113136292,160.45618081092834,"521172043,500000000,200000000,100000000,50000000,20000000,10000000,5000000,2000000,1000000,500000",95.55005288124084,0.9677636623382568,96.27734565734865,1.0717618465423584,106.16689562797546,1.1039013862609863,102.33673930168152,2.3978517055511475,123.18821477890016,3.4282591342926025
S_puberum,S-70,650525939,622184585,356760986,93.17094731330872,108.76329851150513,"356760986,200000000,100000000,50000000,20000000,10000000,5000000,2000000,1000000,500000",64.17721128463745,0.8728101253509521,56.09544587135315,0.9510726928710938,53.20250773429871,1.0425021648406982,50.33361315727234,2.105918884277344,57.444051027297974,3.123549699783325
